<?xml version="1.0" encoding="UTF-8"?>
<!DOCTYPE hibernate-configuration PUBLIC
        "-//Hibernate/Hibernate Configuration DTD 3.0//EN"
        "http://www.hibernate.org/dtd/hibernate-configuration-3.0.dtd">

 <hibernate-configuration>
 <session-factory>
 <!-- connection properties -->
<property name="connection.driver_class">oracle.jdbc.driver.OracleDriver</property>
  <property name="connection.url">jdbc:oracle:thin:@localhost:1521:orcl</property>
 <property name="connection.username">system</property>
 <property name="connection.password">systempassword</property>
 <property name="connection.provider_class">org.hibernate.c3p0.internal.C3P0ConnectionProvider</property>
<property name="hbm2ddl.auto">update</property>
 <property name="c3p0.max_size">1000</property>
 <property name="c3p0.min_size">40</property>
 <property name="c3p0.timout">5000</property>
 <property name="show_sql">true</property>
 <property name="format_sql">true</property>
 <property name="dialect">org.hibernate.dialect.Oracle10gDialect</property>
 
<mapping  class="com.dr.domain.StudentRecord"/> 
<mapping  class="com.dr.domain.Address"/> 
 
 </session-factory>
 </hibernate-configuration>